timestamp,wheel_front_left,wheel_front_right,wheel_back_left,wheel_back_right
0.0,3.999999987672684,-3.9999999844813146,-3.9999999844813146,3.999999987672684
0.1,3.999999999465986,-3.9999999973069085,-3.9999999973069085,3.999999999465986
0.2,3.99999999798205,-0.29389021695337103,-0.2938902169493487,3.99999999798205
0.3,3.999999998508588,3.999999996799686,3.999999996799686,3.999999998508588
0.4,3.9999999970622184,3.999999998711605,3.999999998711605,3.9999999970622184
0.5,3.999999947855041,3.9999999968036706,3.9999999968036706,3.9999999478550405
0.6,2.36543767046671,3.999999999940902,3.999999999940902,2.3654376704671627
0.7,1.1561380839211581,3.999999999840816,3.999999999840816,1.1561380839215556
0.8,1.336804735761204,3.9999999987268313,3.9999999987268313,1.3368047357564172
0.9,1.6476717463970254,3.999999999801975,3.999999999801975,1.647671746396982
1.0,1.9020295945527108,3.9999999998609326,3.9999999998609326,1.9020295945504975
1.1,2.1036537141027383,3.9999999996936038,3.9999999996936038,2.1036537141033187
1.2,2.048081882090065,3.999999986465895,3.999999986465895,2.0480818820904454
1.3,2.003499618754699,3.999999998859938,3.999999998859939,2.003499618759518
1.4,2.0898134947107394,3.9999999916887714,3.9999999916887714,2.089813494711268
1.5,2.2387836936361807,3.8374484389294174,3.837448438859129,2.238783693689486
1.6,2.421016017215665,3.6083649249745466,3.608364924930927,2.4210160172452926
1.7,2.5977139659012516,3.409018937832317,3.4090189378242823,2.5977139659075372
1.8,2.754543209671312,3.2483602102282574,3.2483602102220632,2.7545432096754787
1.9,2.8813996033602716,3.1342629916194418,3.1342629916278972,2.881399603353028
2.0,2.984616732012892,3.0582262821893442,3.0582262821695307,2.9846167320248727
2.1,3.065863387155675,3.016422725195405,3.016422725155646,3.065863387182681
2.2,3.1281923042606463,3.003241632139849,3.003241632140184,3.12819230425724
2.3,3.1750986597263884,3.012217776385576,3.0122177763761377,3.175098659735683
2.4,3.2100780251140826,3.0369044480964806,3.0369044481020335,3.2100780251113767
2.5,3.236239353169794,3.071420429096327,3.071420429092194,3.2362393531611326
2.6,3.256150272287467,3.1108433960514277,3.110843396042051,3.2561502722982345
2.7,3.27173978099755,3.151328210030948,3.151328210021315,3.2717397810036766
2.8,3.284324313397872,3.1900998683909667,3.190099868387198,3.2843243134051083
2.9,3.2946429629489313,3.2253063788076144,3.2253063788147966,3.294642962947066
3.0,3.303038730331379,3.2558475894235714,3.255847589455177,3.3030387303262283
3.1,3.3094985113199487,3.281163948599493,3.2811639486044903,3.3094985113250757
3.2,3.313851066392175,3.3010776430488193,3.301077643027519,3.3138510664232594
3.3,3.3157652335331114,3.3156069525364873,3.3156069525189014,3.315765233534473
3.4,3.3149474085979302,3.3249354737998837,3.3249354737635435,3.3149474086120576
3.5,3.3110808044263313,3.3292474601828834,3.329247460201402,3.3110808044121636
3.6,3.3039084138008348,3.328760027273548,3.3287600272908002,3.3039084137885912
3.7,3.293437549144142,3.3234305727794755,3.32343057277671,3.293437549133323
3.8,3.281095473705757,3.311712192395558,3.311712192413441,3.2810954736958298
3.9,3.2639075565403655,3.296848578877237,3.2968485788899864,3.263907556533412
4.0,3.242192103619483,3.2785536404107094,3.27855364042275,3.2421921036292924
4.1,3.216286988906004,3.2565328019682793,3.2565328019865345,3.2162869889037067
4.2,3.1864990139615217,3.2306002806957754,3.230600280711668,3.186499013952681
4.3,3.1530727606683255,3.2006551856281567,3.2006551856302314,3.1530727606593203
4.4,3.1162161074895183,3.1666487228875835,3.1666487229025795,3.1162161074804646
4.5,3.0761047479512422,3.1285854115421987,3.1285854115524296,3.076104747943111
4.6,3.033155554175173,3.0862060748500064,3.086206074858019,3.033155554168034
4.7,2.9870707743672313,3.0400507473567653,3.04005074736151,2.987070774374916
4.8,2.938010388397979,2.990128162079426,2.9901281620860036,2.9380103883938378
4.9,2.886118035529404,2.9364872060898515,2.936487206095532,2.886118035527414
5.0,2.831513038992608,2.8791775188221864,2.8791775192402116,2.8315130390147982
5.1,2.7742731694881297,2.818247531143562,2.818247531126518,2.774273169513552
5.2,2.714457765089996,2.7537790648184957,2.7537790648109852,2.7144577651008124
5.3,2.652083912270476,2.68585497591058,2.6858549759051153,2.6520839122791395
5.4,2.5871325528549542,2.6145553958241425,2.6145553958194836,2.5871325528642712
5.5,2.5195389633981073,2.539955037923363,2.5399550379247895,2.5195389634042287
5.6,2.4491982761030897,2.46215764175804,2.4621576417605873,2.4491982761073725
5.7,2.375959705378211,2.3812510659715636,2.3812510659621724,2.3759597053896173
5.8,2.2996196628068835,2.2973410112298467,2.2973410112230828,2.2996196628166876
5.9,2.219933307345777,2.2105437281481164,2.2105437281416824,2.219933307354693
6.0,2.1366137825877405,2.120985782324201,2.120985782318888,2.136613782596568
6.1,2.0493398185952687,2.028801950785777,2.028801950781123,2.0493398186029927
6.2,1.957764438973984,1.9341372536319006,1.9341372536295143,1.9577644389764421
6.3,1.8615444918919148,1.837124693928791,1.837124693924541,1.8615444918952153
6.4,1.7604196830957213,1.7377899377271888,1.737789937725246,1.7604196830975458
6.5,1.653966053731358,1.6363151828176141,1.6363151828155167,1.6539660537330567
6.6,1.5420621600733764,1.5325247298782476,1.5325247298879097,1.5420621600706066
6.7,1.4242415584433248,1.4265844731688055,1.4265844731666513,1.4242415584450518
6.8,1.3198095211129768,1.3365715022292233,1.3365715022274447,1.3198095211153595
6.9,1.2284472623185558,1.259110862578825,1.25911086257913,1.228447262321919
7.0,1.1497781397699134,1.1914036744233063,1.1914036744209966,1.149778139774073
7.1,1.0813250771187268,1.1334100851793387,1.1334100851532343,1.081325077142372
7.2,1.0223607507955785,1.0835591682905354,1.0835591682572818,1.0223607508264159
7.3,0.9721736346278774,1.0405967709025925,1.040596770882247,0.972173634649336
7.4,0.9300694759041755,1.0035243430964678,1.0035243431009213,0.9300694759067709
7.5,0.8953990172357174,0.9715227997960975,0.9715227997947569,0.8953990172416099
7.6,0.8675426155234726,0.9439298496208453,0.9439298496234269,0.8675426155272321
7.7,0.8459109438535976,0.9202150018694599,0.9202150018791014,0.8459109438591679
7.8,0.8299480711746261,0.8999285983435553,0.8999285983438376,0.8299480711838484
7.9,0.8191196848645534,0.8827295940694544,0.8827295940685848,0.8191196848735176
8.0,0.8129174764792302,0.8683356435313603,0.8683356435228013,0.8129174764947599
8.1,0.8108546360664096,0.8565178789221181,0.8565178789152137,0.8108546360805254
8.2,0.8124743755595389,0.8470853991225815,0.8470853991212308,0.8124743755685432
8.3,0.8173292465082225,0.8398928700691013,0.839892870060264,0.8173292465178276
8.4,0.8249974664976423,0.8348242208056139,0.8348242208040698,0.8249974665007279
8.5,0.8350801853995062,0.8317740245099337,0.8317740245137154,0.8350801853956051
8.6,0.8471928009391234,0.8306692437672497,0.8306692437733268,0.847192800935301
8.7,0.8609874417760449,0.8314162391975224,0.8314162392054556,0.8609874417694353
8.8,0.8761320158944791,0.8339492342897984,0.8339492343021887,0.8761320158847247
8.9,0.8923256017598319,0.8381907121202907,0.8381907121260822,0.8923256017550565
9.0,0.9092881705121081,0.8440741450525319,0.8440741450496715,0.9092881705168896
9.1,0.9267847728745477,0.8514976049174614,0.851497604938954,0.9267847728575953
9.2,0.9446008071637352,0.8603682704020316,0.8603682704093136,0.9446008071575539
9.3,0.9625467615843829,0.8705913212521583,0.8705913212177174,0.9625467616132362
9.4,0.9804794059699218,0.8820389556881358,0.8820389556927507,0.9804794059643834
9.5,0.9982720562085152,0.8945888622956638,0.8945888623010175,0.9982720562012473
9.6,1.0158264131879746,0.9081099144849358,0.9081099144950882,1.0158264131779682
9.7,1.0330681120926588,0.9224661704160615,0.922466170401233,1.0330681121075984
9.8,1.0499566560647138,0.9375026446724083,0.9375026446754956,1.0499566560611073
9.9,1.0664443903569663,0.9530949627264604,0.9530949626464518,1.0664443903905085
10.0,1.0825323016485753,0.9690803293227097,0.9690803293070677,1.082532301656364
10.1,1.098198702859346,0.9853409742836348,0.9853409742797736,1.098198702858963
10.2,1.1134484377336178,1.0017441036016077,1.0017441036172727,1.1134484377184801
10.3,1.1282879428820913,1.018169355324845,1.018169355334047,1.1282879428723105
10.4,1.1427210295555963,1.0345131001221166,1.0345131001317391,1.142721029545988
10.5,1.1567555941530239,1.0506764060196738,1.05067640599884,1.1567555941670578
10.6,1.1704001406481255,1.0665709853087444,1.06657098527935,1.1704001406624425
10.7,1.18365691920933,1.0821221859662857,1.0821221859761334,1.1836569192040522
10.8,1.1965428140631094,1.0972455302670436,1.0972455302838882,1.1965428140501375
10.9,1.209008560717887,1.1119347958427999,1.111934795828917,1.2090085607284584
11.0,1.2211009929587737,1.1260828696162493,1.1260828696167071,1.2211009929531453
11.1,1.2327556589040594,1.139707270689747,1.1397072707089804,1.2327556588870947
11.2,1.2439847422313233,1.1527448577410664,1.152744857730754,1.243984742231197
11.3,1.2547625189254317,1.1651769142412438,1.165176914235459,1.2547625189231244
11.4,1.2650667078275075,1.1769822021983596,1.176982202189076,1.2650667078250568
11.5,1.2748811778654532,1.1881354365846677,1.188135436584926,1.2748811778602642
11.6,1.284170768309617,1.1986323929198321,1.1986323929131035,1.2841707683039307
11.7,1.29292533117639,1.2084457043412138,1.2084457043420336,1.2929253311663744
11.8,1.3011116666624083,1.2175727202115054,1.217572720210408,1.3011116666517804
11.9,1.3087119948190495,1.2259973834627422,1.2259973834607063,1.3087119948090236
12.0,1.315704008261372,1.2337100860258337,1.233710086022397,1.3157040082510891
12.1,1.3220671614923747,1.2407016188401085,1.240701618837978,1.3220671614822896
12.2,1.3277830494449898,1.2469628840892841,1.2469628840879832,1.3277830494356353
12.3,1.3328353151603154,1.2524851215871173,1.2524851215833022,1.3328353151513184
12.4,1.3372099071914056,1.2572597709088584,1.2572597709038609,1.3372099071832007
12.5,1.3408943466710543,1.2612792596188223,1.2612792596129467,1.3408943466633878
12.6,1.3438778781340326,1.264536932445501,1.2645369324387563,1.3438778781262866
12.7,1.3461522269516786,1.2670264156312632,1.267026415624615,1.3461522269454298
12.8,1.3477083738428162,1.2687446344426323,1.2687446344320434,1.347708373835153
12.9,1.348546194463113,1.2696828964946925,1.2696828964939662,1.3485461944544408
13.0,1.3486450823068767,1.2698544696272094,1.269854469613978,1.348645082302104
13.1,1.3480253725322437,1.269237023990071,1.2692370239771653,1.3480253725266105
13.2,1.3466771374896647,1.26783946022115,1.2678394602096665,1.3466771374830022
13.3,1.344600583496909,1.2656638166366871,1.2656638166274754,1.3446005834894548
13.4,1.3417974780080693,1.2627134897489833,1.2627134897420664,1.3417974779999848
13.5,1.3382713562909512,1.2589930839347447,1.2589930839300327,1.3382713562822512
13.6,1.3340292699192577,1.2545068799165282,1.2545068799050394,1.3340292698738492
13.7,1.3290695569149222,1.2492699070673003,1.2492699070664282,1.3290695569056694
13.8,1.32340682052364,1.2432854411735106,1.2432854411576244,1.3234068204599938
13.9,1.3170484792275823,1.2365663603382313,1.2365663603330221,1.317048479218877
14.0,1.3100049082963687,1.2291258817644637,1.2291258817571804,1.3100049082836298
14.1,1.3022888771162962,1.220978211991184,1.2209782119847918,1.3022888771023597
14.2,1.2939157452600805,1.212138419554771,1.2121384195552145,1.2939157452552656
14.3,1.284888541062017,1.2026355759277496,1.202635575924415,1.2848885410585669
14.4,1.275232981437661,1.192482105826271,1.1924821058229635,1.275232981428209
14.5,1.2649655792565138,1.1817020389077886,1.1817020389058506,1.2649655792472518
14.6,1.2541042188600096,1.170321585205182,1.1703215852046407,1.2541042188460532
14.7,1.2442588566854382,1.1569940807188055,1.1569940807227932,1.2442588566710455
14.8,1.2335689994173495,1.143349667137766,1.1433496671433718,1.2335689994081456
14.9,1.2220459698436013,1.1293937111264236,1.1293937111311008,1.2220459698242634
15.0,1.20969916560797,1.1151444620595823,1.115144462070062,1.209699165586159
15.1,1.19659190785221,1.100589233167,1.10058923317099,1.1965919078434173
15.2,1.1827366412400022,1.085766935088813,1.0857669350945898,1.1827366412289868
15.3,1.168204524757031,1.0706819680387962,1.070681968044159,1.1682045247422703
15.4,1.1530404247241397,1.0553710358265982,1.0553710358240627,1.1530404247130572
15.5,1.1372947405426532,1.0398769418634026,1.039876941867193,1.137294740529677
15.6,1.1210254302367522,1.0242468301401504,1.024246830144151,1.121025430220747
15.7,1.1042890365069662,1.0085397831554297,1.008539783156224,1.1042890364947284
15.8,1.0871382115325863,0.9928273406249628,0.9928273406220991,1.0871382115271035
15.9,1.0696210187876047,0.9771930746611828,0.9771930746669217,1.0696210187762143
16.0,1.0517919387728158,0.9617251446532503,0.9617251446607515,1.0517919387552954
16.1,1.0337304772691545,0.9465058283349094,0.9465058283368106,1.0337304772599825
16.2,1.015448869696811,0.9316672592526204,0.9316672592969678,1.0154488696363395
16.3,0.9970902113348973,0.9172677936879657,0.9172677936884742,0.9970902113314482
16.4,0.9786494120896326,0.9034682011121717,0.9034682011082663,0.9786494120917112
16.5,0.9602213257061192,0.8903717314839933,0.8903717314856723,0.9602213257017492
16.6,0.9418958533112087,0.8780933009116025,0.8780933008916704,0.941895853355537
16.7,0.9237647169257278,0.8667540810063862,0.8667540810076103,0.9237647169230304
16.8,0.9059267759179522,0.8564765602122085,0.8564765602133455,0.905926775915338
16.9,0.888498027800103,0.8473777358863873,0.847377735898954,0.8884980277830445
17.0,0.8716137169614565,0.8395700316345697,0.8395700316510045,0.8716137169412116
17.1,0.8554291538964789,0.833159633984913,0.8331596339790224,0.8554291539041946
17.2,0.8400925155136137,0.8282528434516736,0.8282528434648784,0.840092515500034
17.3,0.8258085287839274,0.8249372411007778,0.8249372410943377,0.8258085287900176
17.4,0.8127810992759927,0.8232921222644849,0.8232921222624175,0.8127810992760314
17.5,0.8012530485036532,0.8233869527402419,0.8233869527364266,0.8012530485056524
17.6,0.7914815816943649,0.8252759435449993,0.8252759435500292,0.79148158167795
17.7,0.7837809784226992,0.8290050725293681,0.8290050725177077,0.7837809784348703
17.8,0.7784407926861583,0.8346095012397333,0.8346095012329724,0.7784407926897351
17.9,0.7758194761481673,0.8421226435451894,0.8421226435378459,0.7758194761515378
18.0,0.7762787106230226,0.8515716940249196,0.8515716940186624,0.7762787106233927
18.1,0.7802073910416268,0.8629973297451677,0.8629973297398826,0.780207391040576
18.2,0.7880060798133133,0.8764575078993331,0.8764575078895113,0.788006079822233
18.3,0.8000669758631834,0.8920286300915359,0.892028630085989,0.8000669758588467
18.4,0.8168073849554072,0.9098483191892494,0.9098483191880311,0.8168073849391914
18.5,0.8386371109748503,0.9301097163014135,0.9301097162995701,0.8386371109608651
18.6,0.8659467056206097,0.9530852452678611,0.9530852452593612,0.865946705626931
18.7,0.8990896815452858,0.9791416569253467,0.9791416569229979,0.8990896815337037
18.8,0.9384570994339291,1.0087769229511558,1.0087769229392032,0.9384570994318389
18.9,0.984397853333688,1.0426204504247825,1.0426204504136638,0.9843978533427553
19.0,1.0372578405620643,1.0814521083811173,1.0814521083725595,1.037257840558505
19.1,1.097447073340883,1.1262340532590673,1.126234053253592,1.097447073340307
19.2,1.1653725680469142,1.1781001393175274,1.1781001393526271,1.1653725680052687
19.3,1.2415441718749918,1.2383606165815515,1.2383606166165946,1.2415441718180178
19.4,1.3265995525608165,1.3085491727109813,1.3085491727017808,1.326599552565085
19.5,1.421258029414395,1.390392100640982,1.3903921006315931,1.4212580294084922
19.6,1.5080509433973917,1.4674024922910887,1.4674024922861142,1.5080509433941567
19.7,1.5874662894627491,1.5404176414778379,1.5404176414695399,1.5874662894668297
19.8,1.6601235537812604,1.6100017943842875,1.6100017943788745,1.6601235537821093
19.9,1.726720081596101,1.6765079141197825,1.6765079141102086,1.7267200816035968
20.0,1.7879596903472676,1.7401478408106605,1.7401478408114652,1.7879596903180006
20.1,1.844538802308196,1.8010395008265427,1.8010395008350324,1.8445388022726548
20.2,1.897187129388171,1.859259529177142,1.8592595291692597,1.897187129390386
20.3,1.9464457638837334,1.914866633700508,1.9148666336929898,1.9464457638839106
20.4,1.9928861384603986,1.967918462323914,1.9679184623134864,1.9928861384666225
20.5,2.0369570718008716,2.0184888194296473,2.0184888194230837,2.036957071802592
20.6,2.079044367685543,2.0666660464475366,2.066666046441675,2.0790443676878834
20.7,2.119451011884023,2.112557131020187,2.112557131017937,2.119451011882519
20.8,2.158416300196432,2.156282208632502,2.156282208631273,2.1584163001933545
20.9,2.1961179696179136,2.1979695428583237,2.197969542857539,2.196117969614665
21.0,2.232688964475071,2.2377508296668918,2.2377508296578297,2.232688964482454
21.1,2.2682091410404768,2.2757555092344384,2.275755509225143,2.2682091410491223
21.2,2.3027408463945864,2.312107113784549,2.312107113785197,2.3027408463891472
21.3,2.3363309983871527,2.3469185129429335,2.3469185129419157,2.336330998383829
21.4,2.368982796688043,2.38029535943573,2.3802953594534455,2.36898279665788
21.5,2.400731683236539,2.412325061296766,2.4123250613069867,2.400731683216989
21.6,2.4315623813261844,2.4430900268281217,2.4430900268345375,2.431562381312317
21.7,2.461475664768284,2.4726554996330226,2.4726554996383565,2.4614756647565628
21.8,2.4904715395799464,2.501075285024166,2.5010752850269706,2.490471539572238
21.9,2.5196529897267474,2.527246698717013,2.5272466987151976,2.519652989726578
22.0,2.547621283483725,2.552583107689902,2.552583107682195,2.5476212834926644
22.1,2.5743271104023604,2.577137781848912,2.5771377818404413,2.574327110412446
22.2,2.5997835274673777,2.6009126454568783,2.600912645447722,2.599783527475569
22.3,2.6240315446593145,2.6238816295555365,2.6238816295478666,2.62403154466783
22.4,2.647127880611991,2.646004178684425,2.6460041786910695,2.647127880604448
22.5,2.6691453935290026,2.6672388584677367,2.667238858462361,2.669145393535893
22.6,2.6901299483435164,2.687548139654547,2.6875481396536616,2.690129948343781
22.7,2.7101379052762344,2.7069013253946874,2.7069013253949086,2.7101379052765826
22.8,2.7292092046722107,2.725277851240685,2.7252778512377467,2.729209204676279
22.9,2.7473712787741267,2.7426649321959866,2.7426649322025356,2.7473712787686146
23.0,2.764649524702409,2.7590588510942617,2.7590588510903014,2.764649524708559
23.1,2.7810510516887903,2.7744623054539854,2.774462305451073,2.7810510516941735
23.2,2.7965837984129407,2.7888832416539144,2.788883241651507,2.7965837984180713
23.3,2.81124819687222,2.8023334756541916,2.802333475655179,2.8112481968727954
23.4,2.8250421776829953,2.814827848605459,2.814827848614243,2.8250421776754435
23.5,2.8379627015042903,2.8263819534175916,2.8263819534318606,2.837962701491239
23.6,2.850005757826796,2.8370127407822077,2.837012740796911,2.85000575781012
23.7,2.8611629725959897,2.846740044175248,2.8467400441821997,2.8611629725897325
23.8,2.871429720069937,2.8555812947172265,2.855581294712338,2.8714297200757684
23.9,2.8807954161778926,2.8635575075826734,2.863557507588717,2.8807954161726737
24.0,2.8892551116235814,2.870685101899124,2.8706851019080495,2.8892551116125236
24.1,2.8968064427428204,2.876981950251245,2.8769819502479987,2.8968064427426943
24.2,2.9034314527034097,2.8824710042675283,2.882471004260771,2.903431452707152
24.3,2.9091257197178257,2.887167350080725,2.88716735006268,2.9091257197329154
24.4,2.9138626354522073,2.891098230895579,2.8910982309176996,2.913862635426525
24.5,2.917650482466171,2.8942619848835034,2.8942619848674944,2.917650482482157
24.6,2.9204344302986054,2.8966963719589582,2.89669637195977,2.920434430297276
24.7,2.9222084503931653,2.898400432581316,2.8984004325896295,2.922208450386058
24.8,2.9229344095336276,2.8993829545493406,2.89938295443727,2.9229344096389682
24.9,2.9225555146227626,2.8996620084140505,2.899662008413257,2.922555514623419
25.0,2.9210303828332687,2.8992224823516795,2.899222482354068,2.9210303828261313
25.1,2.9183059015583503,2.8980398593025765,2.8980398592428194,2.918305901611469
25.2,2.9142875838116336,2.896096880732676,2.896096880667336,2.9142875838691036
25.3,2.908872779699452,2.8933646777745086,2.893364677720425,2.908872779745203
25.4,2.901960990941936,2.8897645109008043,2.889764510854574,2.9019609909800805
25.5,2.8934035699334673,2.8852073782916614,2.8852073782765726,2.893403569943582
25.6,2.8830532508158746,2.879556245015504,2.879556245005326,2.8830532508226967
25.7,2.8707110161876797,2.8726543525791643,2.8726543525701698,2.870711016193696
25.8,2.856140474489671,2.8642730544513473,2.8642730544633124,2.85614047447378
25.9,2.839086768669007,2.8541441490875825,2.8541441491096338,2.8390867686443872
26.0,2.8192341900672377,2.8419006311927286,2.8419006312023463,2.8192341900562554
26.1,2.7962127519552347,2.827099992770245,2.827099992779142,2.7962127519453794
26.2,2.7695915397918003,2.80918065733704,2.809180657355996,2.7695915397754103
26.3,2.7388896975089194,2.787447273944407,2.7874472739623637,2.738889697491688
26.4,2.7034962563331777,2.7610738025400554,2.7610738025674624,2.703496256306473
26.5,2.662751949953648,2.7290476951581484,2.7290476951641107,2.662751949948867
26.6,2.6158353575556417,2.6901643665551034,2.6901643665626267,2.615835357545589
26.7,2.561788871358054,2.642988880153119,2.6429888801586907,2.561788871351849
26.8,2.5279265602598033,2.614303369594206,2.614303369595816,2.527926560256304
26.9,2.510958723674883,2.601140502518589,2.601140502515141,2.5109587236811137
27.0,2.508160483372029,2.6009419499533584,2.6009419499421407,2.508160483377456
27.1,2.517179468124336,2.6114376951160247,2.611437695102299,2.5171794681362996
27.2,2.5360988008261827,2.6307677718310782,2.6307677718189395,2.536098800836837
27.3,2.563218602178895,2.657294276454661,2.657294276456851,2.563218602176061
27.4,2.597098820622069,2.689658631104831,2.6896586311059774,2.597098820618229
27.5,2.6364816607099395,2.7267113858397725,2.7267113858362175,2.636481660709295
27.6,2.6802766062715957,2.767491508525529,2.767491508522,2.6802766062725505
27.7,2.7275267686945486,2.8111901780611235,2.8111901780589807,2.7275267686914093
27.8,2.777409816383682,2.857132383383354,2.8571323833758244,2.7774098163868595
27.9,2.8292183238160953,2.9047394327502976,2.9047394327323124,2.829218323814858
28.0,2.8823591017180195,2.9535612275139873,2.9535612275134184,2.88235910171658
28.1,2.936256661140791,3.0031613589331188,3.0031613589272825,2.936256661142686
28.2,2.9905027109721276,3.053193537863618,3.0531935378577795,2.990502710962063
28.3,3.044723883576589,3.103353321979324,3.1033533219693807,3.044723883575366
28.4,3.0986107487948518,3.1533891539037677,3.153389153910992,3.0986107487967063
28.5,3.1518682400129374,3.2030515946320475,3.2030515946324054,3.1518682400088327
28.6,3.204300498842153,3.2521402239772654,3.2521402239703847,3.20430049884459
28.7,3.2557359920407247,3.3004761421716773,3.300476142173408,3.255735992039059
28.8,3.3060069195475656,3.347898651151844,3.34789865115184,3.3060069195489548
28.9,3.355004062391322,3.3942702532414293,3.3942702532439135,3.3550040623927777
29.0,3.402606709754784,3.4394626793308416,3.4394626793329977,3.4026067097528685
29.1,3.4487506448096523,3.4833738910936307,3.4833738910890237,3.448750644816087
29.2,3.493338599201357,3.5259213095094593,3.525921309501499,3.4933385992115666
29.3,3.536317381599573,3.5670045495213745,3.5670045495072302,3.536317381615914
29.4,3.577642011914315,3.606569393460126,3.606569393414174,3.577642011985833
29.5,3.6172590195933636,3.6445522735803473,3.6445522736352434,3.617259019586178
29.6,3.655124288935684,3.680903748555221,3.6809037485620255,3.655124288940906
29.7,3.691329753655598,3.715866497635208,3.7158664976417675,3.6913297536499896
29.8,3.726867971063447,3.7500492328098867,3.750049232815868,3.726867971061753
29.9,3.7626133893861984,3.7825276068969567,3.782527606904155,3.7626133893803306
30.0,3.797767484663294,3.8131976843015933,3.8131976843091926,3.7977674846630154
30.1,3.8321099156240837,3.8421340716158734,3.8421340716257113,3.8321099156163316
30.2,3.863507822859001,3.8698517366694865,3.8698517366739607,3.8635078228610364
30.3,3.8925532907837312,3.8961082293414275,3.8961082293460003,3.8925532907819327
30.4,3.9155661918160534,3.921453609902269,3.921453609906866,3.915566191814259
30.5,3.9347554513357803,3.9449304403657806,3.944930440364594,3.9347554513068754
30.6,3.9477495805951253,3.9663040352941517,3.966304035297886,3.9477495805867355
30.7,3.9619817060405524,3.9834664823809667,3.983466482386618,3.961981706027662
30.8,3.9715533517537094,3.998308603930499,3.9983086039321885,3.9715533517502757
30.9,3.977078448783595,3.9999999494369445,3.999999949436936,3.9770784487772315
31.0,3.975351044810645,3.9999998972644266,3.999999897264426,3.975351044801208
31.1,3.972688009014302,3.9999999346805577,3.9999999346805577,3.972688009005969
31.2,3.971838602713073,3.999999946456604,3.9999999464566045,3.9718386027213413
31.3,3.9732017451167363,3.9999999487646756,3.9999999487646756,3.9732017451246744
31.4,3.9755893388348764,3.999999971862017,3.999999971862017,3.975589338839587
31.5,3.9785370036121264,3.9999999623396136,3.9999999623396145,3.978537003614375
31.6,3.9807826718944805,3.999999948708822,3.999999948708822,3.9807826719330044
31.7,3.984663778000479,3.9999999298883067,3.9999999298883067,3.9846637780290854
31.8,3.9878053378819165,3.9999999073041383,3.9999999073041383,3.9878053378913605
31.9,3.9893907118373866,3.9999999860192714,3.9999999860192714,3.989390711830323
32.0,3.9871329343634514,3.99999983102148,3.99999983102148,3.9871329343522595
32.1,3.9821234937009997,3.999999929977522,3.999999929977521,3.9821234936895955
32.2,3.974761752677286,3.999591302006879,3.9995913020051157,3.9747617526666765
32.3,3.9653733364655595,3.974796344286983,3.974796344285313,3.965373336441324
32.4,3.949756589806228,3.95252931212518,3.9525293121251024,3.949756589792043
32.5,3.929555298519603,3.9314671328522963,3.9314671328529074,3.929555298487809
32.6,3.9058787205977845,3.9103175989961225,3.910317598995271,3.905878720600576
32.7,3.8796753708428025,3.8882069535564607,3.8882069535545987,3.879675370846122
32.8,3.845793587527586,3.87000032196574,3.870000321960123,3.84579358751503
32.9,3.7967015876932813,3.8629500196044186,3.86295001960414,3.796701587692187
33.0,3.7534505338807778,3.845938797621796,3.8459387976261388,3.7534505338914954
33.1,3.7148614556504898,3.8198633758963645,3.819863375883124,3.714861455631507
33.2,3.6794222175279088,3.785919871956595,3.785919871954961,3.679422217525226
33.3,3.6464942282488235,3.7447028573381225,3.7447028573380643,3.646494228250242
33.4,3.629503739811421,3.6825906746889823,3.682590674688208,3.6295037398117516
33.5,3.603976037200117,3.6245417340697696,3.624541734073562,3.6039760371949927
33.6,3.5726670807284293,3.5680269647340177,3.568026964734232,3.5726670807296803
33.7,3.534507712598462,3.514509526155497,3.5145095261540082,3.5345077125986863
33.8,3.4921445756174885,3.4614416565083226,3.4614416565081485,3.492144575617411
33.9,3.4443253886794887,3.410241569785955,3.410241569781558,3.444325388684072
34.0,3.393879508345868,3.358034632428015,3.35803463242796,3.393879508343617
34.1,3.340762911020536,3.3049148370947803,3.3049148370944157,3.3407629110198513
34.2,3.284580997063564,3.2512890347862595,3.251289034784769,3.284580997058287
34.3,3.2269233785966938,3.195509531685134,3.195509531679999,3.2269233785525637
34.4,3.1676957426158094,3.1376626072740232,3.137662607272602,3.167695742612869
34.5,3.106770913081229,3.0778952272884332,3.077895227284752,3.1067709130783774
34.6,3.043850099203643,3.0165036365489337,3.0165036365436184,3.043850099191896
34.7,2.9797052294973785,2.9526982894531293,2.952698289450454,2.9797052295000808
34.8,2.9142113313410656,2.8866309461715063,2.8866309461694266,2.9142113313440365
34.9,2.8473068400215897,2.81839446593732,2.8183944659347864,2.847306840024366
35.0,2.778987904042726,2.748036409877842,2.748036409872779,2.7789879040194077
35.1,2.7092688870217305,2.6755798567227136,2.675579856717547,2.7092688870325285
35.2,2.6382288792478037,2.6010082297152604,2.601008229707796,2.6382288792320088
35.3,2.5659621557756784,2.524296698923222,2.5242966989199176,2.565962155777017
35.4,2.4925531031821238,2.4454462939373722,2.4454462939359893,2.4925531031833477
35.5,2.4176951132277185,2.364850816160539,2.364850816154249,2.417695113235527
35.6,2.3422033403545703,2.2818014115089547,2.28180141150424,2.3422033403354314
35.7,2.2661220161963196,2.1963862702740884,2.196386270269894,2.2661220161998656
35.8,2.18952094004283,2.1087300167115406,2.108730016708999,2.1895209400440563
35.9,2.112314234271014,2.019102054833471,2.0191020548301677,2.112314234272432
36.0,2.03438965210437,1.9278224525787395,1.9278224525772034,2.0343896521031763
36.1,1.9562956467285315,1.8345975072228318,1.8345975072214686,1.9562956467272432
36.2,1.877937342259924,1.7398076553834116,1.7398076553808997,1.8779373422614059
36.3,1.7993182754587371,1.6437631386189246,1.6437631386144318,1.7993182754652524
36.4,1.7203641052554737,1.5468817645589281,1.546881764561328,1.7203641052472634
36.5,1.6409999798020936,1.4496138949261446,1.4496138949206447,1.640999979808688
36.6,1.5611262652268796,1.3524445288875664,1.352444528887486,1.5611262652255538
36.7,1.480641494215822,1.2558958497439277,1.2558958497284858,1.4806414942446187
36.8,1.399406362101848,1.1605156282943425,1.1605156282848923,1.3994063621129524
36.9,1.3172743047003777,1.0668538992079941,1.0668538991924166,1.3172743047333049
37.0,1.234066114713343,0.9754696078896881,0.9754696078914992,1.2340661147115244
37.1,1.1496033064540374,0.8868580766884739,0.8868580766942358,1.1496033064478932
37.2,1.063174938111293,0.801838064399323,0.8018380643947903,1.0631749381143654
37.3,0.975201666651368,0.7201849775536964,0.7201849775376915,0.975201666665719
37.4,0.8855753096673403,0.6419963106120543,0.6419963105997392,0.8855753096796879
37.5,0.7942198168060884,0.5672106845369047,0.5672106845356333,0.7942198168044359
37.6,0.7011877569441644,0.4955373434046246,0.4955373434125967,0.7011877569379905
37.7,0.6067149840002182,0.4264684284183708,0.4264684284244685,0.6067149839894513
37.8,0.5111862080321302,0.35938771276267045,0.3593877127657414,0.5111862080283731
37.9,0.4151749926304613,0.2936439970564724,0.29364399705821387,0.41517499262574326
38.0,0.32032526873392303,0.22815480507092661,0.22815480507469232,0.32032526872528916
38.1,0.22813675390563345,0.1623393197270196,0.16233931971734827,0.2281367539121341
38.2,0.14049943605670523,0.09584365584262151,0.09584365583480725,0.14049943606150153
38.3,0.05812362214178614,0.028684385212481428,0.028684385222309584,0.058123622127774756
38.4,-0.01949541186308224,-0.03881029166765856,-0.0388102916520224,-0.019495411893249846
38.5,-0.0928621194201027,-0.10655528446162232,-0.10655528440923737,-0.09286211947960778
38.6,-0.16220955475223267,-0.1741148979902086,-0.17411489798450014,-0.16220955475622323
38.7,-0.22786856825834303,-0.24131615962427072,-0.24131615961905395,-0.22786856825845686
38.8,-0.2900464841207047,-0.3079484164183148,-0.30794841642465204,-0.2900464841139206
38.9,-0.34893298820592933,-0.37381244157213706,-0.3738124415911787,-0.3489329881886968
39.0,-0.40469299003916864,-0.4387390593220692,-0.4387390593241981,-0.4046929900370309
39.1,-0.4574574184145669,-0.5025622949185381,-0.5025622949210486,-0.45745741841338267
39.2,-0.5073332302864422,-0.5651430983032322,-0.5651430983139435,-0.5073332302790745
39.3,-0.5544111145951991,-0.6263549607750167,-0.6263549607845291,-0.5544111145896997
39.4,-0.5987586571411698,-0.6860820626581502,-0.6860820626575427,-0.598758657142249
39.5,-0.6404238414247101,-0.7442174917188089,-0.7442174917273183,-0.6404238414227945
39.6,-0.6794401917780875,-0.8006621032611367,-0.8006621032605767,-0.6794401917789524
39.7,-0.715824186009435,-0.8553194172791889,-0.8553194172786289,-0.7158241860122933
39.8,-0.749572351491789,-0.9080972547562832,-0.9080972547526317,-0.7495723514955439
39.9,-0.7807901209331807,-0.9588509506618138,-0.9588509506634793,-0.7807901209326478
40.0,-0.8093766811546703,-1.0075226825411305,-1.0075226825432115,-0.8093766811529102
40.1,-0.8352516618891668,-1.0540265692008317,-1.0540265692039539,-0.8352516618864334
40.2,-0.8583687419237319,-1.0982482409242178,-1.0982482409212728,-0.8583687419270424
40.3,-0.8787124812832371,-1.1400294143189988,-1.1400294143186833,-0.8787124812837265
40.4,-0.896173941411043,-1.179267396279642,-1.1792673962800486,-0.8961739414110825
40.5,-0.9106688326933221,-1.2158156202146992,-1.2158156202157873,-0.9106688326923732
40.6,-0.9221168344113145,-1.2494999740290416,-1.2494999740306545,-0.9221168344140449
40.7,-0.9304311309419893,-1.2801290887467711,-1.2801290887490753,-0.9304311309439305
40.8,-0.9355216716623117,-1.3074881403472147,-1.3074881403472947,-0.9355216716626872
40.9,-0.9372989025004681,-1.3313334392014686,-1.3313334391986456,-0.9372989025033407
41.0,-0.9358295285516409,-1.351404004462865,-1.3514040044647126,-0.935829528551375
41.1,-0.9309912185444583,-1.3674130769273665,-1.3674130769310033,-0.9309912185429369
41.2,-0.9225861120723429,-1.37902072430169,-1.3790207243111101,-0.9225861120646379
41.3,-0.9105791293947241,-1.3858443768367066,-1.385844376854727,-0.9105791293821619
41.4,-0.8949625813080946,-1.387467591080075,-1.3874675911351544,-0.8949625812531827
41.5,-0.8758019942776119,-1.3834234123686846,-1.3834234123917388,-0.8758019942489262
41.6,-0.8531875610443718,-1.373207076297104,-1.3732070762976425,-0.8531875610413697
41.7,-0.8273170788137657,-1.3562724464560938,-1.3562724464479121,-0.8273170788201004
41.8,-0.7984967512557876,-1.3320369989002587,-1.3320369988881486,-0.7984967512680479
41.9,-0.7671706946299494,-1.299894537475535,-1.299894537433829,-0.7671706946707796
42.0,-0.7339457380048865,-1.2592489096843542,-1.2592489096835677,-0.7339457380040924
42.1,-0.699653350852291,-1.2095069464032906,-1.2095069463392383,-0.699653350911397
42.2,-0.6653353400693444,-1.150147116456912,-1.1501471165117974,-0.6653353400163801
42.3,-0.6323190729189487,-1.0807818581841488,-1.080781858179181,-0.6323190729237641
42.4,-0.6027962458664033,-1.0016001714262412,-1.0016001714273308,-0.6027962458644098
42.5,-0.5781297297711351,-0.9123578406857926,-0.9123578406832624,-0.5781297297732089
42.6,-0.5609158733651413,-0.8136525409621618,-0.8136525409620232,-0.5609158733656281
42.7,-0.5532792129926846,-0.7063359402274495,-0.7063359402276645,-0.5532792129934865
42.8,-0.5578561822006112,-0.5917180534342276,-0.5917180534292166,-0.5578561822102642
42.9,-0.5758180957459361,-0.4714965859708809,-0.47149658596686966,-0.5758180957497359
43.0,-0.6091548455767648,-0.34786885256752004,-0.34786885256370903,-0.6091548455812674
43.1,-0.6572317644789759,-0.22339653712332963,-0.22339653712323418,-0.6572317644788057
43.2,-0.7175918630867135,-0.10135935797872879,-0.10135935797695138,-0.7175918630893131
43.3,-0.787819057417274,0.015242136519687316,0.015242136495058907,-0.7878190573964601
43.4,-0.860825774704382,0.12259979045395657,0.12259979045931643,-0.8608257747093996
43.5,-0.9315895559576282,0.21780461932616876,0.2178046193377496,-0.9315895559687667
43.6,-0.9911928835006257,0.2969176275822024,0.2969176275831652,-0.9911928835020438
43.7,-1.033520081133398,0.35706459742018964,0.35706459742407565,-1.0335200811374097
43.8,-1.0539630766040429,0.39580927430003954,0.3958092743004408,-1.0539630766023593
43.9,-1.0495732234143444,0.4110266147101633,0.4110266147075099,-1.0495732234129163
44.0,-1.0214476680212807,0.4023107758374466,0.4023107758354386,-1.0214476680193265
44.1,-0.9736085668079869,0.3708857905164413,0.370885790518478,-0.9736085668103324
44.2,-0.9121419265355448,0.3196842573835427,0.3196842573863013,-0.9121419265393538
44.3,-0.844114443013465,0.25318587232478224,0.2531858723228934,-0.8441144430159184
44.4,-0.775207954155188,0.1758014348791964,0.17580143488202266,-0.775207954156557
44.5,-0.7104102552568234,0.09238650690716407,0.09238650690865724,-0.7104102552586998
44.6,-0.6530634074890732,0.007194552485868243,0.007194552481628872,-0.6530634074899492
44.7,-0.6049726054359746,-0.07640302916884677,-0.07640302917033097,-0.6049726054391672
44.8,-0.5666738178021035,-0.1560574996449285,-0.15605749964350793,-0.5666738178041648
44.9,-0.5378385438341118,-0.230312121890936,-0.23031212189055564,-0.5378385438349632
45.0,-0.5176133847178664,-0.29842903266221055,-0.29842903265747445,-0.5176133847253214
45.1,-0.5048952663530186,-0.3601851293485822,-0.36018512934689845,-0.5048952663561491
45.2,-0.49851109527594534,-0.41570110761430273,-0.4157011076136025,-0.4985110952764884
45.3,-0.4973382389295211,-0.4652916134783106,-0.4652916134751984,-0.4973382389363884
45.4,-0.5003644311289372,-0.5093674878225294,-0.5093674878239048,-0.5003644311310995
45.5,-0.5067645674920835,-0.5483129760002825,-0.5483129760004135,-0.5067645674923077
45.6,-0.5157068354998733,-0.5826713649757864,-0.5826713649759109,-0.5157068355003502
45.7,-0.5265798354434162,-0.6128553013453888,-0.612855301344339,-0.5265798354440583
45.8,-0.5388977895191929,-0.6392301665731737,-0.6392301665731204,-0.5388977895222745
45.9,-0.5522658063147504,-0.6621346505066662,-0.662134650504851,-0.5522658063128362
46.0,-0.5663878776660433,-0.6818573066062211,-0.6818573066053897,-0.5663878776669085
46.1,-0.5810130037393519,-0.6986856412446562,-0.698685641243246,-0.5810130037396766
46.2,-0.5959681385641593,-0.712860364217065,-0.7128603642161422,-0.5959681385664144
46.3,-0.6111148911706781,-0.7246168860664268,-0.7246168860661465,-0.6111148911715427
46.4,-0.6263961456636783,-0.7341291851020343,-0.7341291851024981,-0.6263961456638556
46.5,-0.6417149869630531,-0.7416384519743693,-0.7416384519748476,-0.641714986963111
46.6,-0.6570126304846099,-0.7473615722393037,-0.7473615722396871,-0.6570126304846515
46.7,-0.6722633588006866,-0.7514936521321095,-0.7514936521330945,-0.6722633588007902
46.8,-0.6874556025526571,-0.7542259166833142,-0.7542259166824661,-0.6874556025510318
46.9,-0.7025873493447502,-0.7557477156530414,-0.7557477156521635,-0.7025873493425452
47.0,-0.7176644299321705,-0.7562457403483227,-0.7562457403480513,-0.7176644299325589
47.1,-0.7326966832828444,-0.7559055303049844,-0.7559055303041865,-0.7326966832824208
47.2,-0.7476984796629434,-0.7549086600875495,-0.7549086600869935,-0.7476984796617631
47.3,-0.7626836914998356,-0.7534354781786269,-0.7534354781773921,-0.7626836914889151
47.4,-0.7776727090431604,-0.7516564438716289,-0.7516564438718487,-0.7776727090430537
47.5,-0.7926789803809791,-0.7497428123166295,-0.7497428123166208,-0.7926789803812226
47.6,-0.8077215539680601,-0.7478531660153478,-0.7478531660145604,-0.8077215539693902
47.7,-0.8228673494624893,-0.7460877398052023,-0.7460877398050805,-0.8228673494634614
47.8,-0.8380825444399521,-0.744642531980296,-0.744642531974324,-0.8380825444467528
47.9,-0.853379374129126,-0.7436524988852311,-0.7436524988863693,-0.8533793741292997
48.0,-0.8687743867185493,-0.7432348772905167,-0.7432348772941968,-0.8687743867172687
48.1,-0.8842917474476908,-0.7434850687531992,-0.7434850687570465,-0.8842917474459477
48.2,-0.8999516057322616,-0.7444882216002124,-0.7444882216077527,-0.8999516057305162
48.3,-0.9157777713656584,-0.746310336209566,-0.7463103361951814,-0.9157777714055879
48.4,-0.9317902413446971,-0.7490064793686594,-0.7490064793796426,-0.9317902413372814
48.5,-0.9480120646814686,-0.7526120914873653,-0.7526120914924986,-0.9480120646791266
48.6,-0.9644629241788841,-0.7571519264409795,-0.7571519264577588,-0.9644629241754195
48.7,-0.9767652736081611,-0.7674988544754461,-0.7674988544755285,-0.9767652736090104
48.8,-0.9902562671655679,-0.7776442851050097,-0.7776442851055738,-0.990256267164161
48.9,-1.00553759084814,-0.7868712550523509,-0.7868712551413091,-1.0055375906875483
49.0,-1.0225069092363221,-0.7952871907685857,-0.795287190757391,-1.0225069092491406
49.1,-1.0410514644312236,-0.8030199173934957,-0.8030199173936383,-1.041051464429617
49.2,-1.0612349336903037,-0.809988795313924,-0.8099887953064826,-1.0612349336995137
49.3,-1.0830826828121682,-0.8161601056269887,-0.8161601056239146,-1.08308268281536
49.4,-1.106596610167685,-0.8215211839488148,-0.8215211839359996,-1.1065966101798799
49.5,-1.1317333629691506,-0.8261109460137227,-0.8261109460089405,-1.1317333629833102
49.6,-1.1584313407150644,-0.8299780289804988,-0.8299780289886657,-1.1584313407165496
49.7,-1.1866195158036448,-0.8331652605046261,-0.8331652605203725,-1.1866195157837862
49.8,-1.2161872721283782,-0.835757420013461,-0.835757420005067,-1.2161872721383467
49.9,-1.2470784199763074,-0.8377459433698596,-0.8377459433636342,-1.2470784199846643
50.0,-1.2792819520362315,-0.839042783941975,-0.8390427839334896,-1.2792819520457221
50.1,-1.3133132837497363,-0.8387340217421869,-0.838734021747389,-1.3133132837546893
50.2,-1.3483125687641342,-0.8377980013856269,-0.8377980014491687,-1.3483125687301831
50.3,-1.38405285081776,-0.836265839740316,-0.836265839728949,-1.384052850835989
50.4,-1.42037006424632,-0.834109724517342,-0.8341097245145908,-1.4203700642528492
50.5,-1.4572088512294077,-0.8309887452441376,-0.830988745236933,-1.457208851238782
50.6,-1.4953165122225902,-0.8251014869315372,-0.8251014869304947,-1.4953165122327376
50.7,-1.5330240688206072,-0.8184693554828472,-0.8184693554800445,-1.5330240688325085
50.8,-1.5699919449599915,-0.810926201313813,-0.8109262013047102,-1.5699919449791873
50.9,-1.6060913498714573,-0.8016779037846119,-0.8016779037798533,-1.606091349879635
51.0,-1.6411311998551188,-0.7897158874017912,-0.7897158874324544,-1.6411311998612195
51.1,-1.673479330994043,-0.7768924373514242,-0.7768924374185636,-1.6734793309571432
51.2,-1.7024151522575823,-0.763125823077574,-0.7631258230734251,-1.7024151522674664
51.3,-1.7275587247049506,-0.7469679651395144,-0.7469679651967706,-1.7275587246481845
51.4,-1.7475020487419861,-0.7296482121370346,-0.7296482122635789,-1.7475020486769697
51.5,-1.768114964359247,-0.6986832729337579,-0.6986832729044109,-1.7681149644049796
51.6,-1.7931587842456018,-0.6260666688023564,-0.6260666687625345,-1.7931587842904668
51.7,-1.7610411452825614,-0.5826580888591746,-0.582658088800519,-1.7610411453204275
51.8,-1.6283553597921785,-0.6185561076503937,-0.6185561076075061,-1.6283553598360627
51.9,-1.3943626093761134,-0.7532462731189185,-0.7532462730670318,-1.3943626094232306
52.0,-1.0542470852015986,-1.0048137868181863,-1.0048137867590163,-1.0542470852588446
52.1,-1.0009308293008206,-1.000931289326804,-1.0009312893196614,-1.0009308292936747
52.2,-0.9775170052634519,-0.977516638939899,-0.9775166389404485,-0.9775170052640073
52.3,-0.9578601142979265,-0.9578604388389073,-0.9578604388271071,-0.9578601142861284
52.4,-0.9397371934270656,-0.939736937946366,-0.9397369379433268,-0.9397371934240292
52.5,-0.922871985392291,-0.9228720304864634,-0.9228720304878019,-0.9228719853936259
52.6,-0.9069748425538207,-0.9069750269242545,-0.9069750269204245,-0.9069748425499885
52.7,-0.8894717290283726,-0.8894714262739329,-0.8894714262732251,-0.8894717290276736
52.8,-0.8687127154506407,-0.8687126749262215,-0.8687126749268579,-0.8687127154512795
52.9,-0.8442428792466998,-0.8442432986092918,-0.8442432985929542,-0.8442428792303661
53.0,-0.8124807577909675,-0.8124806735515956,-0.8124806735491544,-0.812480757788527
53.1,-0.772836520392066,-0.7728362285478368,-0.7728362285472204,-0.7728365203914475
53.2,-0.7214231247296882,-0.7214231728337347,-0.7214231728351437,-0.7214231247311025
53.3,-0.6554437988781328,-0.6554439343067783,-0.6554439343067312,-0.6554437988780858
53.4,-0.5726621958354107,-0.5726622303484139,-0.5726622303443658,-0.5726621958313681
53.5,-0.4680024525942815,-0.4680025541004328,-0.46800255409246705,-0.4680024525863114
53.6,-0.3811537219188556,-0.381153380001934,-0.3811533800006107,-0.38115372191753
53.7,-0.3106640976164195,-0.3106644156895195,-0.310664415691842,-0.3106640976187329
53.8,-0.253435896801317,-0.25343557337622397,-0.25343557340301426,-0.25343589682811907
53.9,-0.20689227366550536,-0.20689217831524104,-0.20689217837524757,-0.20689227372545674
54.0,-0.16903684981859565,-0.16903699402845904,-0.1690369939979673,-0.16903684978802755
54.1,0.0009639011378229274,-0.2774373787310196,-0.2774373788214192,0.0009639012956125478
54.2,0.22877254934361702,-0.4756401291179011,-0.47564012913854664,0.22877254939806282
54.3,0.39700262142084375,-0.6478376290268946,-0.6478376290377561,0.39700262144704596
54.4,0.5196568462614318,-0.7935735984112913,-0.793573598381824,0.519656846235791
54.5,0.6075293397196015,-0.9120614943959492,-0.9120614944140454,0.6075293397537609
54.6,0.6688094741352287,-1.002382433376196,-1.0023824333762754,0.6688094741394537
54.7,0.709592976146302,-1.0638736366952721,-1.0638736367222896,0.709592976175991
54.8,0.7343960498824325,-1.0965089931023497,-1.0965089931800835,0.7343960499498136
54.9,0.7462409253299899,-1.101059177845907,-1.1010591778835321,0.7462409253699624
55.0,0.7470455891543958,-1.0793211319400504,-1.0793211319147245,0.7470455891283403
55.1,0.738014995537203,-1.034076156225609,-1.0340761562028775,0.7380149955141757
55.2,0.7197578069576842,-0.9685794689118102,-0.9685794688939504,0.7197578069390197
55.3,0.693002283807461,-0.8877825136056204,-0.8877825136336867,0.693002283826502
55.4,0.6586546030363594,-0.7963675526692868,-0.7963675527372839,0.6586546030936592
55.5,0.6176579552468522,-0.6986888538138335,-0.6986888537963817,0.6176579552273744
55.6,0.5711257217921843,-0.5986531825110758,-0.598653182493056,0.5711257217704789
55.7,0.5203202493111558,-0.4995543792842844,-0.49955437926660035,0.5203202492898726
55.8,0.46654671938604364,-0.40398680737298726,-0.4039868073493837,0.46654671936089
55.9,0.4110184764137371,-0.3138098018109266,-0.31380980179894147,0.4110184763960015
56.0,0.3548529644737886,-0.23029438244781278,-0.23029438243347117,0.3548529644420442
56.1,0.29939525336365164,-0.15442710198142423,-0.15442710197406567,0.2993952533498835
56.2,0.24559105443876855,-0.08657102720874489,-0.08657102716891521,0.24559105438416962
56.3,0.1942416588067834,-0.026794669995596057,-0.0267946699833306,0.19424165879377026
56.4,0.14599303772489933,0.02504472335574804,0.025044723351220273,0.1459930377190797
56.5,0.10137236983642926,0.0692315583454207,0.06923155834555914,0.10137236982751767
56.6,0.06075835129383703,0.10616251176525039,0.10616251176635544,0.06075835128472148
56.7,0.024408140346523947,0.13629534972924945,0.13629534973142712,0.02440814033672908
56.8,-0.007538868182494414,0.16013409181479288,0.1601340918293035,-0.007538868196002362
56.9,-0.0350383290785738,0.1782018994734068,0.17820189948913884,-0.0350383290926498
57.0,-0.05815565345484214,0.19103949895378658,0.19103949897222328,-0.0581556534692577
57.1,-0.0770419696224153,0.19919027384658447,0.19919027387022314,-0.07704196964096338
57.2,-0.09191710722407662,0.20319126153761555,0.20319126155803674,-0.09191710723905187
57.3,-0.1030615073306561,0.20356931989644936,0.20356931991422697,-0.10306150734309225
57.4,-0.11080064142561534,0.20083522837940868,0.20083522840248394,-0.11080064144262324
57.5,-0.11548978871384848,0.19547848602836346,0.19547848605781226,-0.1154897887360821
57.6,-0.11750095143954388,0.18796334978025972,0.18796334979338053,-0.11750095144826907
57.7,-0.1172095410737469,0.1787242422127422,0.1787242422267856,-0.11720954108322269
57.8,-0.11498256858801371,0.16816190052447624,0.16816190053358615,-0.11498256859410107
57.9,-0.11117279141113998,0.15664306269530237,0.15664306269860712,-0.11117279141374665
58.0,-0.10610717659976009,0.14449579390026912,0.14449579389989883,-0.10610717659994695
58.1,-0.10008100648310995,0.1320075325090525,0.13200753251691702,-0.10008100648804728
58.2,-0.09336592530357438,0.11943326900531877,0.1194332690182138,-0.0933659253109107
58.3,-0.08620008787142372,0.10699014527226552,0.10699014528022895,-0.08620008787544546
58.4,-0.07878426103233312,0.09485579504720111,0.09485579505034483,-0.0787842610335406
